"Country","ISO code","Region","Income group","Gavi eligibility status","ARIMA modelled expected 2020 coverage","predicts_lower","predicts_upper","WUENIC reported 2020 coverage","Coverage delta","cov_delta_high","cov_delta_low","confidence_95_level","ci_width","Surviving infants","Additional missed children","Expected missed children","Total missed children","Data unreliable flag"
"Afghanistan","AFG","South Asia","Low income","Initial self-financing","73.6%",0.667944748829991,0.804209526984904,"70.0%","-3.6%",-0.104209526984904,0.0320552511700093,FALSE,0.136264778154913,1157321,41752,305443,347196,FALSE
"Andorra","AND","Western Europe","High income","Never Gavi","98.2%",0.95329841273388,1.01142745764451,"99.0%","0.8%",-0.0214274576445088,0.0367015872661202,FALSE,0.058129044910629,NA,NA,NA,NA,FALSE
"Angola","AGO","Eastern & Southern Africa","Lower middle income","Fully self-financing","57.0%",0.493427820441531,0.646572179558469,"51.0%","-6.0%",-0.136572179558469,0.0165721795584689,FALSE,0.153144359116938,1236834,74210,531838,606048,FALSE
"Antigua and Barbuda","ATG","Latin America & Caribbean","High income","Never Gavi","96.1%",0.925405214711406,0.997324647389424,"96.0%","-0.1%",-0.0373246473894236,0.0345947852885938,FALSE,0.0719194326780175,1450,1,56,58,FALSE
"Argentina","ARG","Latin America & Caribbean","Upper middle income","Never Gavi","85.3%",0.789474590063481,0.917449452495801,"74.0%","-11.3%",-0.177449452495801,-0.0494745900634809,TRUE,0.12797486243232,744894,84517,109155,193672,FALSE
"Australia","AUS","East Asia & Pacific","High income","Never Gavi","95.0%",0.935081420482975,0.964918579517025,"95.0%","0.0%",-0.0149185795170247,0.0149185795170247,FALSE,0.0298371590340494,317554,0,15877,15877,FALSE
"Austria","AUT","Western Europe","High income","Never Gavi","85.0%",0.790008558774036,0.909991441225964,"85.0%","0.0%",-0.0599914412259638,0.0599914412259638,FALSE,0.119982882451928,89448,0,13417,13417,FALSE
"Azerbaijan","AZE","Eastern Europe & Central Asia","Upper middle income","Fully self-financing","94.9%",0.910560459327167,0.988386909093906,"79.0%","-15.9%",-0.198386909093906,-0.120560459327167,TRUE,0.0778264497667391,153771,24522,7769,32291,FALSE
"Bahrain","BHR","Middle East & North Africa","High income","Never Gavi","98.1%",0.965570829770229,0.99742917022977,"98.0%","-0.1%",-0.0174291702297701,0.0144291702297709,FALSE,0.0318583404595409,21974,32,406,439,FALSE
"Bangladesh","BGD","South Asia","Lower middle income","Preparatory transition phase","98.0%",0.91063092493698,1.04936907506302,"98.0%","0.0%",-0.0693690750630196,0.0693690750630196,FALSE,0.138738150126039,2820623,0,56412,56412,FALSE
"Barbados","BRB","Latin America & Caribbean","High income","Never Gavi","90.6%",0.826721971236563,0.984278028763437,"85.0%","-5.5%",-0.134278028763437,0.0232780287634373,FALSE,0.157556057526875,3016,167,285,452,FALSE
"Belarus","BLR","Eastern Europe & Central Asia","Upper middle income","Never Gavi","95.5%",0.743953312947745,1.16604668705225,"97.0%","1.5%",-0.196046687052254,0.226046687052255,FALSE,0.42209337410451,107637,-1614,4843,3229,FALSE
"Belize","BLZ","Latin America & Caribbean","Lower middle income","Never Gavi","95.0%",0.896042410895225,1.00395758910477,"79.0%","-16.0%",-0.213957589104775,-0.106042410895224,TRUE,0.10791517820955,7962,1273,398,1672,FALSE
"Benin","BEN","West & Central Africa","Lower middle income","Initial self-financing","75.7%",0.703759111149605,0.810240888850503,"72.0%","-3.7%",-0.0902408888505031,0.0162408888503951,FALSE,0.106481777700898,405641,15008,98570,113579,FALSE
"Bhutan","BTN","South Asia","Lower middle income","Fully self-financing","97.0%",0.9043749388819,1.0356250611181,"95.0%","-2.0%",-0.0856250611180998,0.0456250611180997,FALSE,0.131250122236199,12608,252,378,630,FALSE
"Bolivia (Plurinational State of)","BOL","Latin America & Caribbean","Lower middle income","Fully self-financing","76.6%",0.67764117508634,0.855322502563721,"68.0%","-8.6%",-0.175322502563721,0.00235882491365991,FALSE,0.177681327477381,240642,20811,56194,77005,FALSE
"Botswana","BWA","Eastern & Southern Africa","Upper middle income","Never Gavi","95.0%",0.943626096836859,0.956373903163141,"95.0%","0.0%",-0.00637390316314068,0.00637390316314068,FALSE,0.0127478063262814,53898,0,2694,2694,FALSE
"Brazil","BRA","Latin America & Caribbean","Upper middle income","Never Gavi","63.4%",0.546019278109886,0.721877172645916,"77.0%","13.6%",0.0481228273540838,0.223980721890114,TRUE,0.17585789453603,2825032,-384350,1034107,649757,TRUE
"Brunei Darussalam","BRN","East Asia & Pacific","High income","Never Gavi","98.4%",0.947079994304383,1.02164878979637,"99.0%","0.6%",-0.0316487897963698,0.0429200056956165,FALSE,0.0745687954919863,6110,-34,95,61,FALSE
"Bulgaria","BGR","Eastern Europe & Central Asia","Upper middle income","Never Gavi","93.0%",0.89079848988429,0.96920151011571,"91.0%","-2.0%",-0.0592015101157101,0.01920151011571,FALSE,0.0784030202314201,60653,1213,4245,5458,FALSE
"Burkina Faso","BFA","West & Central Africa","Low income","Initial self-financing","91.0%",0.840700995012432,0.979299004987567,"91.0%","0.0%",-0.0692990049875674,0.0692990049875676,FALSE,0.138598009975135,736290,0,66266,66266,FALSE
"Burundi","BDI","Eastern & Southern Africa","Low income","Initial self-financing","93.0%",0.871199980144535,0.988800019855466,"93.0%","0.0%",-0.0588000198554655,0.0588000198554655,FALSE,0.117600039710931,431981,0,30238,30238,FALSE
"Cabo Verde","CPV","West & Central Africa","Lower middle income","Never Gavi","95.4%",0.904112701601977,1.00355853353544,"93.0%","-2.4%",-0.0735585335354388,0.0258872983980232,FALSE,0.099445831933462,10197,243,470,713,FALSE
"Cambodia","KHM","East Asia & Pacific","Lower middle income","Preparatory transition phase","92.0%",0.802144254501716,1.03785574549828,"92.0%","0.0%",-0.117855745498284,0.117855745498284,FALSE,0.235711490996567,352521,0,28201,28201,FALSE
"Cameroon","CMR","West & Central Africa","Lower middle income","Preparatory transition phase","67.4%",0.594711688813298,0.752549729476133,"69.0%","1.6%",-0.0625497294761327,0.0952883111867019,FALSE,0.157838040662835,862364,-14116,281449,267332,FALSE
"Canada","CAN","North America","High income","Never Gavi","90.9%",0.879701945520536,0.938244354639273,"91.0%","0.1%",-0.0282443546392726,0.0302980544794644,FALSE,0.058542409118737,385184,-395,35062,34666,FALSE
"Central African Republic","CAF","West & Central Africa","Low income","Initial self-financing","43.8%",0.313683585460941,0.563316414538742,"42.0%","-1.8%",-0.143316414538742,0.106316414539059,FALSE,0.249632829077801,156219,2890,87716,90607,FALSE
"Chad","TCD","West & Central Africa","Low income","Initial self-financing","50.0%",0.357951437481445,0.642048562518555,"52.0%","2.0%",-0.122048562518555,0.162048562518555,FALSE,0.28409712503711,629696,-12593,314848,302254,FALSE
"Chile","CHL","Latin America & Caribbean","High income","Never Gavi","94.6%",0.906593334021367,0.985151048056067,"93.0%","-1.6%",-0.055151048056067,0.0234066659786326,FALSE,0.0785577140346996,225603,3580,12211,15792,FALSE
"China","CHN","East Asia & Pacific","Upper middle income","Never Gavi","99.0%",0.965465425151795,1.0292714169532,"99.0%","0.0%",-0.0392714169532031,0.0245345748482053,FALSE,0.0638059918014084,16086657,0,160866,160866,FALSE
"Colombia","COL","Latin America & Caribbean","Upper middle income","Never Gavi","92.8%",0.860520709252063,0.994526005131601,"88.0%","-4.8%",-0.114526005131601,0.0194792907479372,FALSE,0.134005295879539,718632,34151,52084,86235,FALSE
"Comoros","COM","Eastern & Southern Africa","Lower middle income","Initial self-financing","91.0%",0.783857913968004,1.036142086032,"87.0%","-4.0%",-0.166142086031996,0.0861420860319962,FALSE,0.252284172063993,25562,1022,2300,3323,FALSE
"Congo","COG","West & Central Africa","Lower middle income","Initial self-financing","79.0%",0.64625360236836,0.93374639763164,"73.0%","-6.0%",-0.20374639763164,0.0837463976316404,FALSE,0.287492795263281,170899,10253,35888,46142,FALSE
"Costa Rica","CRI","Latin America & Caribbean","Upper middle income","Never Gavi","95.0%",0.887531848088232,1.01246815191177,"95.0%","0.0%",-0.0624681519117678,0.0624681519117678,FALSE,0.124936303823536,67783,0,3389,3389,FALSE
"Cote d'Ivoire","CIV","West & Central Africa","Lower middle income","Preparatory transition phase","84.0%",0.690395061567303,0.989604938432697,"80.0%","-4.0%",-0.189604938432697,0.109604938432697,FALSE,0.299209876865395,876019,35040,140163,175203,FALSE
"Cuba","CUB","Latin America & Caribbean","Upper middle income","Fully self-financing","99.0%",0.846253044263249,1.13374695573675,"99.0%","0.0%",-0.143746955736751,0.143746955736751,FALSE,0.287493911473503,110221,0,1102,1102,FALSE
"Democratic People's Republic of Korea","PRK","East Asia & Pacific","Low income","Initial self-financing","97.0%",0.912670460444613,1.02732953955539,"97.0%","0.0%",-0.0573295395553868,0.057329539555387,FALSE,0.114659079110774,350814,0,10524,10524,FALSE
"Democratic Republic of the Congo","COD","West & Central Africa","Low income","Initial self-financing","57.0%",0.429886086546371,0.710113913453629,"57.0%","0.0%",-0.140113913453629,0.140113913453629,FALSE,0.280227826907257,3374241,0,1450923,1450923,FALSE
"Denmark","DNK","Western Europe","High income","Never Gavi","96.6%",0.926054636929182,1.00504608216114,"97.0%","0.4%",-0.035046082161144,0.0439453630708175,FALSE,0.0789914452319616,63072,-280,2172,1892,FALSE
"Djibouti","DJI","Eastern & Southern Africa","Lower middle income","Preparatory transition phase","85.0%",0.710319615013602,0.989680384986398,"70.0%","-15.0%",-0.289680384986398,-0.0103196150136021,TRUE,0.279360769972796,19684,2952,2952,5905,FALSE
"Dominica","DMA","Latin America & Caribbean","Upper middle income","Never Gavi","97.2%",0.931350581878314,1.01364941812169,"97.0%","-0.2%",-0.0436494181216855,0.0386494181216862,FALSE,0.0822988362433718,NA,NA,NA,NA,FALSE
"Dominican Republic","DOM","Latin America & Caribbean","Upper middle income","Never Gavi","89.0%",0.801059288780774,0.978086839510019,"82.0%","-7.0%",-0.158086839510019,0.0189407112192261,FALSE,0.177027550729245,199478,13878,22027,35906,FALSE
"Ecuador","ECU","Latin America & Caribbean","Upper middle income","Never Gavi","85.2%",0.805831032313963,0.898648017337722,"70.0%","-15.2%",-0.198648017337722,-0.105831032313963,TRUE,0.092816985023759,333092,50709,49217,99927,FALSE
"Egypt","EGY","Middle East & North Africa","Lower middle income","Never Gavi","94.6%",0.920758139361612,0.971187048318643,"94.0%","-0.6%",-0.0311870483186433,0.0192418606383883,FALSE,0.0504289089570316,2526074,15087,136477,151564,FALSE
"El Salvador","SLV","Latin America & Caribbean","Lower middle income","Never Gavi","87.3%",0.77491451639465,0.97162959706543,"72.0%","-15.3%",-0.25162959706543,-0.0549145163946504,TRUE,0.196715080670779,114102,17488,14459,31948,TRUE
"Equatorial Guinea","GNQ","West & Central Africa","Upper middle income","Never Gavi","53.0%",0.442810152016495,0.617189847983505,"53.0%","0.0%",-0.0871898479835049,0.0871898479835049,FALSE,0.17437969596701,42590,0,20017,20017,FALSE
"Eritrea","ERI","Eastern & Southern Africa","Low income","Initial self-financing","94.8%",0.911476963278648,0.985061378359223,"95.0%","0.2%",-0.0350613783592233,0.038523036721352,FALSE,0.0735844150805753,100941,-174,5221,5047,FALSE
"Estonia","EST","Western Europe","High income","Never Gavi","91.0%",0.894418173441224,0.925581826558776,"91.0%","0.0%",-0.015581826558776,0.015581826558776,FALSE,0.0311636531175521,13378,0,1204,1204,FALSE
"Eswatini","SWZ","Eastern & Southern Africa","Lower middle income","Never Gavi","90.0%",0.855485657560597,0.944514342439403,"83.0%","-7.0%",-0.114514342439403,-0.0254856575605974,TRUE,0.0890286848788053,28357,1984,2835,4820,FALSE
"Ethiopia","ETH","Eastern & Southern Africa","Low income","Initial self-financing","70.0%",0.657659741206963,0.742340258793037,"71.0%","1.0%",-0.0323402587930371,0.0523402587930369,FALSE,0.0846805175860741,3499225,-34992,1049767,1014775,FALSE
"Finland","FIN","Western Europe","High income","Never Gavi","91.0%",0.879500236769494,0.940499763230506,"91.0%","0.0%",-0.0304997632305058,0.0304997632305058,FALSE,0.0609995264610117,49030,0,4412,4412,FALSE
"Gabon","GAB","West & Central Africa","Upper middle income","Never Gavi","70.0%",0.510987809984969,0.889012190015031,"63.0%","-7.0%",-0.259012190015031,0.119012190015031,FALSE,0.378024380030062,65052,4553,19515,24069,FALSE
"Georgia","GEO","Eastern Europe & Central Asia","Upper middle income","Fully self-financing","94.0%",0.850069965394403,1.0299300346056,"88.0%","-6.0%",-0.149930034605597,0.0299300346055971,FALSE,0.179860069211194,51021,3061,3061,6122,FALSE
"Ghana","GHA","West & Central Africa","Lower middle income","Preparatory transition phase","97.0%",0.874933213473776,1.06506678652622,"94.0%","-3.0%",-0.125066786526224,0.0650667865262242,FALSE,0.190133573052448,860082,25802,25802,51604,FALSE
"Greece","GRC","Western Europe","High income","Never Gavi","99.0%",0.979358798823176,1.00064192329969,"99.0%","0.0%",-0.0106419232996859,0.0106412011768241,FALSE,0.02128312447651,76072,0,760,760,FALSE
"Grenada","GRD","Latin America & Caribbean","Upper middle income","Never Gavi","95.4%",0.88214321725975,1.02685678274025,"72.0%","-23.4%",-0.30685678274025,-0.16214321725975,TRUE,0.1447135654805,1761,412,80,493,FALSE
"Guatemala","GTM","Latin America & Caribbean","Upper middle income","Never Gavi","84.9%",0.746658618519299,0.952040247717329,"83.0%","-1.9%",-0.122040247717329,0.0833413814807008,FALSE,0.205381629198029,419559,8118,63206,71325,FALSE
"Guinea","GIN","West & Central Africa","Low income","Initial self-financing","47.8%",0.401160407036986,0.55418958757791,"47.0%","-0.8%",-0.0841895875779097,0.0688395929630141,FALSE,0.153029180540924,445239,3417,232559,235976,FALSE
"Guyana","GUY","Latin America & Caribbean","Upper middle income","Fully self-financing","98.8%",0.944284459286915,1.03095571687964,"99.0%","0.2%",-0.0409557168796413,0.0457155407130847,FALSE,0.086671257592726,14925,-35,184,149,FALSE
"Haiti","HTI","Latin America & Caribbean","Lower middle income","Initial self-financing","38.0%",0.314341536594615,0.445658463405385,"51.0%","13.0%",0.0643415365946152,0.195658463405385,TRUE,0.13131692681077,255229,-33179,158241,125062,TRUE
"Honduras","HND","Latin America & Caribbean","Lower middle income","Fully self-financing","89.7%",0.850801511276644,0.94339305159691,"80.0%","-9.7%",-0.14339305159691,-0.0508015112766441,TRUE,0.0925915403202655,205825,19985,21179,41164,FALSE
"India","IND","South Asia","Lower middle income","Accelerated transition phase","92.7%",0.892894537057284,0.961842305047972,"85.0%","-7.7%",-0.111842305047972,-0.0428945370572842,TRUE,0.0689477679906878,23368880,1808013,1697318,3505332,FALSE
"Indonesia","IDN","East Asia & Pacific","Lower middle income","Fully self-financing","85.0%",0.793122707357008,0.906877292642992,"77.0%","-8.0%",-0.136877292642992,-0.0231227073570076,TRUE,0.113754585285985,4689610,375168,703441,1078610,FALSE
"Iran (Islamic Republic of)","IRN","Middle East & North Africa","Lower middle income","Never Gavi","98.5%",0.963435707770769,1.00656429222921,"99.0%","0.5%",-0.0165642922292086,0.0265642922292307,FALSE,0.0431285844584394,1485489,-7427,22282,14854,FALSE
"Iraq","IRQ","Middle East & North Africa","Upper middle income","Never Gavi","81.3%",0.700566602104267,0.924966114863749,"74.0%","-7.3%",-0.184966114863749,0.0394333978957331,FALSE,0.224399512759482,1110719,80822,207963,288786,FALSE
"Ireland","IRL","Western Europe","High income","Never Gavi","94.4%",0.922064089681332,0.965033759415599,"94.0%","-0.4%",-0.0250337594155988,0.0179359103186679,FALSE,0.0429696697342667,59191,210,3341,3551,FALSE
"Israel","ISR","Middle East & North Africa","High income","Never Gavi","98.0%",0.946650695589806,1.01334930441019,"98.0%","0.0%",-0.0333493044101945,0.0333493044101945,FALSE,0.0666986088203889,169839,0,3396,3396,FALSE
"Italy","ITA","Western Europe","High income","Never Gavi","95.6%",0.918836510176721,0.992310037255179,"94.0%","-1.6%",-0.0523100372551788,0.0211634898232789,FALSE,0.0734735270784577,436862,6803,19408,26211,FALSE
"Jamaica","JAM","Latin America & Caribbean","Upper middle income","Never Gavi","94.7%",0.887890022570529,1.00710997742947,"96.0%","1.3%",-0.047109977429471,0.0721099774294712,FALSE,0.119219954858942,45942,-574,2411,1837,FALSE
"Japan","JPN","East Asia & Pacific","High income","Never Gavi","97.5%",0.923967855187422,1.02556545737637,"96.0%","-1.5%",-0.0655654573763702,0.0360321448125778,FALSE,0.101597602188948,907427,13399,22897,36297,FALSE
"Jordan","JOR","Middle East & North Africa","Upper middle income","Never Gavi","96.7%",0.915300419624219,1.01869958037575,"77.0%","-19.7%",-0.248699580375752,-0.145300419624219,TRUE,0.103399160751533,210916,41550,6960,48510,TRUE
"Kazakhstan","KAZ","Eastern Europe & Central Asia","Upper middle income","Never Gavi","95.9%",0.860073187710801,1.0589268122892,"88.0%","-7.9%",-0.178926812289198,0.0199268122891988,FALSE,0.198853624578397,365668,29070,14809,43880,FALSE
"Kenya","KEN","Eastern & Southern Africa","Lower middle income","Preparatory transition phase","91.0%",0.810161577153103,1.0098384228469,"89.0%","-2.0%",-0.119838422846897,0.0798384228468974,FALSE,0.199676845693795,1455333,29106,130979,160086,FALSE
"Kiribati","KIR","East Asia & Pacific","Lower middle income","Fully self-financing","92.7%",0.768847143919512,1.08478367923056,"92.0%","-0.7%",-0.164783679230564,0.151152856080488,FALSE,0.315936535311052,3104,21,227,248,FALSE
"Kyrgyzstan","KGZ","Eastern Europe & Central Asia","Lower middle income","Preparatory transition phase","95.3%",0.918863496417943,0.988075673643726,"87.0%","-8.3%",-0.118075673643726,-0.0488634964179431,TRUE,0.0692121772257828,148413,12387,6905,19293,FALSE
"Lao People's Democratic Republic","LAO","East Asia & Pacific","Lower middle income","Accelerated transition phase","80.0%",0.706003149653334,0.893996850346666,"79.0%","-1.0%",-0.103996850346666,0.0839968503466658,FALSE,0.187993700693332,158882,1588,31776,33365,FALSE
"Latvia","LVA","Western Europe","High income","Never Gavi","98.2%",0.945717777033122,1.01755826757415,"99.0%","0.8%",-0.0275582675741468,0.0442822229668781,FALSE,0.0718404905410249,19599,-163,359,195,FALSE
"Lebanon","LBN","Middle East & North Africa","Upper middle income","Never Gavi","83.0%",0.807832698145348,0.852167301854652,"71.0%","-12.0%",-0.142167301854652,-0.0978326981453477,TRUE,0.0443346037093046,114637,13756,19488,33244,FALSE
"Lesotho","LSO","Eastern & Southern Africa","Lower middle income","Preparatory transition phase","87.8%",0.823917506264427,0.932459810997573,"87.0%","-0.8%",-0.0624598109975726,0.0460824937355729,FALSE,0.108542304733146,52510,429,6396,6826,FALSE
"Liberia","LBR","West & Central Africa","Low income","Initial self-financing","70.0%",0.512221963172504,0.887778036827496,"65.0%","-5.0%",-0.237778036827496,0.137778036827496,FALSE,0.375556073654992,155704,7785,46711,54496,FALSE
"Libya","LBY","Middle East & North Africa","Upper middle income","Never Gavi","76.5%",0.656549034041025,0.872773527170344,"73.0%","-3.5%",-0.142773527170344,0.0734509659589745,FALSE,0.216224493129319,120886,4190,28449,32639,TRUE
"Lithuania","LTU","Western Europe","High income","Never Gavi","93.2%",0.909664432745606,0.954323382013065,"91.0%","-2.2%",-0.0443233820130651,0.000335567254393654,FALSE,0.0446589492674587,27653,608,1880,2488,FALSE
"Luxembourg","LUX","Western Europe","High income","Never Gavi","99.0%",0.985117387297117,0.993882612702883,"99.0%","0.0%",-0.00388261270288293,0.00488261270288282,FALSE,0.00876522540576574,6479,-3,68,64,FALSE
"Madagascar","MDG","Eastern & Southern Africa","Low income","Initial self-financing","69.7%",0.599927380759949,0.794099594075556,"68.0%","-1.7%",-0.114099594075556,0.0800726192400509,FALSE,0.194172213315607,868735,14780,263214,277995,FALSE
"Malawi","MWI","Eastern & Southern Africa","Low income","Initial self-financing","88.9%",0.733770956622442,1.04422904337756,"94.0%","5.1%",-0.104229043377558,0.206229043377558,FALSE,0.310458086755117,618131,-31524,68612,37087,FALSE
"Malaysia","MYS","East Asia & Pacific","Upper middle income","Never Gavi","97.9%",0.951118411849984,1.00626847531548,"98.0%","0.1%",-0.0262684753154832,0.0288815881500157,FALSE,0.0551500634654989,528868,-690,11268,10577,FALSE
"Maldives","MDV","South Asia","Upper middle income","Never Gavi","97.9%",0.960851990122655,0.99694740903988,"99.0%","1.1%",-0.00694740903988034,0.0291480098773446,FALSE,0.0360954189172249,6795,-75,143,67,FALSE
"Mali","MLI","West & Central Africa","Low income","Initial self-financing","75.5%",0.674405858392228,0.835019806512758,"70.0%","-5.5%",-0.135019806512758,0.0255941416077718,FALSE,0.16061394812053,772691,42276,189531,231807,FALSE
"Malta","MLT","Western Europe","High income","Never Gavi","96.6%",0.861760398091819,1.06976507136991,"98.0%","1.4%",-0.0897650713699143,0.118239601908181,FALSE,0.208004673278095,4321,-61,147,86,FALSE
"Mauritania","MRT","West & Central Africa","Lower middle income","Preparatory transition phase","74.1%",0.579967948739401,0.903032051260599,"71.0%","-3.1%",-0.193032051260599,0.130032051260599,FALSE,0.323064102521198,145100,4570,37508,42079,FALSE
"Mauritius","MUS","Eastern & Southern Africa","Upper middle income","Never Gavi","95.9%",0.901466115593037,1.01602695116768,"93.0%","-2.9%",-0.0860269511676767,0.0285338844069633,FALSE,0.11456083557464,12588,361,519,881,FALSE
"Mexico","MEX","Latin America & Caribbean","Upper middle income","Never Gavi","82.0%",0.726649926113719,0.913350073886281,"74.0%","-8.0%",-0.173350073886281,0.0133500738862806,FALSE,0.186700147772561,2163632,173090,389453,562544,FALSE
"Micronesia (Federated States of)","FSM","East Asia & Pacific","Lower middle income","Never Gavi","80.2%",0.657510766119892,0.947489233880108,"83.0%","2.8%",-0.117489233880108,0.172489233880108,FALSE,0.289978467760216,2544,-69,502,432,FALSE
"Mongolia","MNG","East Asia & Pacific","Lower middle income","Fully self-financing","97.8%",0.949614502250804,1.0060900110592,"96.0%","-1.8%",-0.0460900110592,0.0103854977491957,FALSE,0.0564755088083957,72552,1295,1606,2902,FALSE
"Mozambique","MOZ","Eastern & Southern Africa","Low income","Initial self-financing","88.0%",0.820346810401072,0.939653189598928,"79.0%","-9.0%",-0.149653189598927,-0.0303468104010725,TRUE,0.119306379197855,1095851,98626,131502,230128,FALSE
"Myanmar","MMR","East Asia & Pacific","Lower middle income","Preparatory transition phase","90.0%",0.786960002313465,1.01303999768653,"84.0%","-6.0%",-0.173039997686535,0.0530399976865349,FALSE,0.22607999537307,905655,54339,90565,144904,FALSE
"Nauru","NRU","East Asia & Pacific","High income","Never Gavi","96.0%",0.663642245408498,1.2563577545915,"95.0%","-1.0%",-0.306357754591502,0.286357754591502,FALSE,0.592715509183003,NA,NA,NA,NA,FALSE
"Nepal","NPL","South Asia","Lower middle income","Initial self-financing","94.8%",0.866944471169995,1.02807411290511,"84.0%","-10.8%",-0.188074112905107,-0.0269444711699953,TRUE,0.161129641735111,547858,58899,28757,87657,FALSE
"New Zealand","NZL","East Asia & Pacific","High income","Never Gavi","92.0%",0.895368518175422,0.944631481824578,"92.0%","0.0%",-0.0246314818245776,0.0246314818245776,FALSE,0.0492629636491553,59459,0,4756,4756,FALSE
"Nicaragua","NIC","Latin America & Caribbean","Lower middle income","Accelerated transition phase","98.0%",0.922240645815754,1.03775935418425,"92.0%","-6.0%",-0.117759354184245,-0.00224064581575445,TRUE,0.115518708368491,129019,7741,2580,10321,FALSE
"Niger","NER","West & Central Africa","Low income","Initial self-financing","83.5%",0.755157874421085,0.914315809789649,"81.0%","-2.5%",-0.104315809789649,0.0548421255789154,FALSE,0.159157935368564,1051330,26006,173746,199752,FALSE
"Nigeria","NGA","West & Central Africa","Lower middle income","Accelerated transition phase","57.0%",0.462460101012625,0.677539898987375,"57.0%","0.0%",-0.107539898987375,0.107539898987375,FALSE,0.21507979797475,7196873,0,3094655,3094655,FALSE
"Norway","NOR","Western Europe","High income","Never Gavi","97.0%",0.945782409439516,0.994217590560484,"97.0%","0.0%",-0.0242175905604838,0.0242175905604838,FALSE,0.0484351811209676,59919,0,1797,1797,FALSE
"Pakistan","PAK","South Asia","Lower middle income","Preparatory transition phase","84.0%",0.763824577328513,0.916175422671486,"77.0%","-7.0%",-0.146175422671486,0.00617542267148652,FALSE,0.152350845342973,5691818,398427,910690,1309118,FALSE
"Palau","PLW","East Asia & Pacific","High income","Never Gavi","94.6%",0.734054554446713,1.15718285405376,"96.0%","1.4%",-0.197182854053763,0.225945445553287,FALSE,0.42312829960705,NA,NA,NA,NA,FALSE
"Panama","PAN","Latin America & Caribbean","Upper middle income","Never Gavi","88.0%",0.779656291046609,0.980343708953391,"74.0%","-14.0%",-0.240343708953391,-0.0396562910466094,TRUE,0.200687417906781,78510,10991,9421,20412,FALSE
"Papua New Guinea","PNG","East Asia & Pacific","Lower middle income","Accelerated transition phase","35.0%",0.230694986608318,0.469305013391682,"39.0%","4.0%",-0.0793050133916816,0.159305013391682,FALSE,0.238610026783363,228176,-9127,148314,139187,FALSE
"Paraguay","PRY","Latin America & Caribbean","Upper middle income","Never Gavi","88.1%",0.829888992973964,0.931220872459264,"79.0%","-9.1%",-0.141220872459264,-0.039888992973964,TRUE,0.1013318794853,140691,12740,16804,29545,FALSE
"Philippines","PHL","East Asia & Pacific","Lower middle income","Never Gavi","79.5%",0.632993199925837,0.957243178552394,"71.0%","-8.5%",-0.247243178552395,0.0770068000741633,FALSE,0.324249978626558,2142391,182356,438936,621293,FALSE
"Qatar","QAT","Middle East & North Africa","High income","Never Gavi","94.9%",0.862532133382799,1.0354678666172,"82.0%","-12.9%",-0.2154678666172,-0.0425321333827995,TRUE,0.1729357332344,26513,3420,1352,4772,FALSE
"Republic of Moldova","MDA","Eastern Europe & Central Asia","Upper middle income","Fully self-financing","91.0%",0.85641672385461,0.96358327614539,"86.0%","-5.0%",-0.10358327614539,0.00358327614538967,FALSE,0.107166552290779,38910,1945,3501,5447,FALSE
"Romania","ROU","Eastern Europe & Central Asia","Upper middle income","Never Gavi","88.0%",0.82814231654896,0.93185768345104,"87.0%","-1.0%",-0.0618576834510399,0.0418576834510399,FALSE,0.10371536690208,182824,1828,21938,23767,FALSE
"Russian Federation","RUS","Eastern Europe & Central Asia","Upper middle income","Never Gavi","97.0%",0.960255646998598,0.979722264323427,"97.0%","0.0%",-0.00972226432342704,0.00974435300140153,FALSE,0.0194666173248286,1756664,-19,52719,52699,FALSE
"Rwanda","RWA","Eastern & Southern Africa","Low income","Initial self-financing","97.7%",0.889916687219957,1.06499211204335,"91.0%","-6.7%",-0.154992112043351,0.0200833127800435,FALSE,0.175075424823394,387519,26139,8736,34876,FALSE
"Saint Kitts and Nevis","KNA","Latin America & Caribbean","High income","Never Gavi","97.8%",0.952091615577085,1.00390838442291,"99.0%","1.2%",-0.0139083844229135,0.0379083844229147,FALSE,0.0518167688458282,NA,NA,NA,NA,FALSE
"Saint Lucia","LCA","Latin America & Caribbean","Upper middle income","Never Gavi","94.5%",0.788604772602545,1.10075494126234,"86.0%","-8.5%",-0.240754941262344,0.0713952273974546,FALSE,0.312150168659799,2114,179,116,295,FALSE
"Saint Vincent and the Grenadines","VCT","Latin America & Caribbean","Upper middle income","Never Gavi","98.2%",0.965092969084166,0.998611219841221,"97.0%","-1.2%",-0.0286112198412207,0.00490703091583389,FALSE,0.0335182507570546,1524,18,27,45,FALSE
"Samoa","WSM","East Asia & Pacific","Lower middle income","Never Gavi","64.4%",0.34817139026886,0.940411645905617,"79.0%","14.6%",-0.150411645905617,0.44182860973114,FALSE,0.592240255636757,4701,-684,1672,987,TRUE
"San Marino","SMR","Western Europe","High income","Never Gavi","88.0%",0.844592051129079,0.915407948870921,"89.0%","1.0%",-0.0254079488709207,0.0454079488709207,FALSE,0.0708158977418414,NA,NA,NA,NA,FALSE
"Saudi Arabia","SAU","Middle East & North Africa","High income","Never Gavi","96.0%",0.941455676271626,0.978544323728374,"95.0%","-1.0%",-0.0285443237283741,0.0085443237283741,FALSE,0.0370886474567482,581858,5818,23274,29092,FALSE
"Senegal","SEN","West & Central Africa","Lower middle income","Preparatory transition phase","97.3%",0.870821696284434,1.07444146161028,"91.0%","-6.3%",-0.164441461610282,0.0391783037155663,FALSE,0.203619765325848,543533,34042,14875,48917,FALSE
"Seychelles","SYC","Eastern & Southern Africa","High income","Never Gavi","98.5%",0.965739864526817,1.00346554935306,"97.0%","-1.5%",-0.0334655493530598,0.00426013547318316,FALSE,0.0377256848262429,1549,22,23,46,FALSE
"Sierra Leone","SLE","West & Central Africa","Low income","Initial self-financing","95.0%",0.800530421438358,1.09946957856164,"91.0%","-4.0%",-0.189469578561642,0.109469578561642,FALSE,0.298939157123284,238942,9557,11947,21504,FALSE
"Slovakia","SVK","Western Europe","High income","Never Gavi","97.6%",0.968629608669292,0.983763817603292,"97.0%","-0.6%",-0.0137638176032916,0.00137039133070826,FALSE,0.0151342089339999,55397,343,1318,1661,FALSE
"Slovenia","SVN","Western Europe","High income","Never Gavi","94.9%",0.928183821173297,0.969223810384725,"95.0%","0.1%",-0.0192238103847246,0.0218161788267033,FALSE,0.0410399892114279,19328,-25,991,966,FALSE
"Solomon Islands","SLB","East Asia & Pacific","Lower middle income","Accelerated transition phase","86.9%",0.763184870873266,0.974815129126734,"94.0%","7.1%",-0.0348151291267341,0.176815129126734,FALSE,0.211630258253468,21277,-1510,2787,1276,TRUE
"Somalia","SOM","Eastern & Southern Africa","Low income","Initial self-financing","42.0%",0.326622980851711,0.513377019148289,"42.0%","0.0%",-0.0933770191482892,0.0933770191482892,FALSE,0.186754038296578,616683,0,357676,357676,FALSE
"South Africa","ZAF","Eastern & Southern Africa","Upper middle income","Never Gavi","85.0%",0.776664128206753,0.923335871793247,"84.0%","-1.0%",-0.083335871793247,0.063335871793247,FALSE,0.146671743586494,1142628,11426,171394,182820,FALSE
"Spain","ESP","Western Europe","High income","Never Gavi","96.5%",0.948114311788804,0.982885688211124,"98.0%","1.5%",-0.00288568821112445,0.0318856882111956,FALSE,0.0347713764223201,379575,-5503,13095,7591,FALSE
"Sri Lanka","LKA","South Asia","Lower middle income","Fully self-financing","99.0%",0.976762506626411,1.00323749337359,"96.0%","-3.0%",-0.0432374933735888,-0.0167625066264112,TRUE,0.0264749867471776,324141,9724,3241,12965,FALSE
"State of Palestine","PSE","Middle East & North Africa","Lower middle income","Never Gavi","99.0%",0.957572827880185,1.02242717211981,"99.0%","0.0%",-0.0324271721198148,0.0324271721198149,FALSE,0.0648543442396298,141786,0,1417,1417,FALSE
"Sudan","SDN","Eastern & Southern Africa","Low income","Accelerated transition phase","94.6%",0.867587899669616,1.02504367927767,"90.0%","-4.6%",-0.125043679277671,0.0324121003303844,FALSE,0.157455779608056,1327273,61473,71253,132727,FALSE
"Suriname","SUR","Latin America & Caribbean","Upper middle income","Never Gavi","77.4%",0.658511312742473,0.888840086206968,"51.0%","-26.4%",-0.378840086206968,-0.148511312742473,TRUE,0.230328773464495,10414,2745,2356,5102,TRUE
"Sweden","SWE","Western Europe","High income","Never Gavi","98.0%",0.96993574741873,0.99006425258127,"97.0%","-1.0%",-0.0200642525812695,6.42525812695194e-05,FALSE,0.0201285051625391,119427,1194,2388,3582,FALSE
"Switzerland","CHE","Western Europe","High income","Never Gavi","96.2%",0.954223733761827,0.968934160975015,"96.0%","-0.2%",-0.00893416097501487,0.00577626623817262,FALSE,0.0147104272131875,88231,139,3389,3529,FALSE
"Syrian Arab Republic","SYR","Middle East & North Africa","Low income","Initial self-financing","54.0%",0.40361491784878,0.67638508215122,"49.0%","-5.0%",-0.18638508215122,0.0863850821512201,FALSE,0.27277016430244,414928,20746,190866,211613,FALSE
"Tajikistan","TJK","Eastern Europe & Central Asia","Lower middle income","Initial self-financing","97.0%",0.927817761282953,1.01218223871705,"97.0%","0.0%",-0.042182238717047,0.042182238717047,FALSE,0.0843644774340939,270481,0,8114,8114,FALSE
"Togo","TGO","West & Central Africa","Low income","Initial self-financing","84.0%",0.726781519387324,0.953218480612676,"82.0%","-2.0%",-0.133218480612676,0.0932184806126761,FALSE,0.226436961225352,255632,5112,40901,46013,FALSE
"Tonga","TON","East Asia & Pacific","Upper middle income","Never Gavi","98.1%",0.936147259240584,1.02566811584163,"99.0%","0.9%",-0.0356681158416263,0.0538527407594157,FALSE,0.089520856601042,2473,-22,47,24,FALSE
"Tunisia","TUN","Middle East & North Africa","Lower middle income","Never Gavi","92.0%",0.893394974458293,0.946605025541707,"92.0%","0.0%",-0.026605025541707,0.026605025541707,FALSE,0.0532100510834139,193610,0,15488,15488,FALSE
"Turkey","TUR","Eastern Europe & Central Asia","Upper middle income","Never Gavi","99.0%",0.882084144981468,1.09791585501853,"98.0%","-1.0%",-0.117915855018532,0.0979158550185315,FALSE,0.215831710037063,1290580,12905,12905,25811,FALSE
"Turkmenistan","TKM","Eastern Europe & Central Asia","Upper middle income","Never Gavi","96.9%",0.900523014209224,1.03647698579091,"98.0%","1.1%",-0.0564769857909129,0.0794769857907758,FALSE,0.135953971581689,129040,-1483,4064,2580,FALSE
"Tuvalu","TUV","East Asia & Pacific","Upper middle income","Never Gavi","93.4%",0.847897789333571,1.02110221066625,"95.0%","1.6%",-0.0711022106662529,0.102102210666429,FALSE,0.173204421332682,NA,NA,NA,NA,FALSE
"Uganda","UGA","Eastern & Southern Africa","Low income","Initial self-financing","96.2%",0.913672232849882,1.01001452013596,"89.0%","-7.2%",-0.120014520135964,-0.023672232849882,TRUE,0.0963422872860825,1599420,114907,61028,175936,FALSE
"Ukraine","UKR","Eastern Europe & Central Asia","Lower middle income","Fully self-financing","80.0%",0.458890099796539,1.14110990020346,"81.0%","1.0%",-0.331109900203461,0.351109900203461,FALSE,0.682219800406923,393150,-3931,78629,74698,FALSE
"United Arab Emirates","ARE","Middle East & North Africa","High income","Never Gavi","99.0%",0.969390270778513,1.01060972922149,"90.0%","-9.0%",-0.110609729221487,-0.0693902707785129,TRUE,0.0412194584429741,99509,8955,995,9950,FALSE
"United Kingdom","GBR","Western Europe","High income","Never Gavi","93.0%",0.917275493670162,0.942724506329838,"93.0%","0.0%",-0.0127245063298379,0.0127245063298379,FALSE,0.0254490126596758,768683,0,53807,53807,FALSE
"United Republic of Tanzania","TZA","Eastern & Southern Africa","Lower middle income","Preparatory transition phase","89.0%",0.81590078998559,0.964026561888749,"86.0%","-3.0%",-0.104026561888749,0.0440992100144096,FALSE,0.148125771903159,2071868,62080,227980,290061,FALSE
"United States","USA","North America","High income","Never Gavi","94.3%",0.928866873009609,0.958053992318184,"93.0%","-1.3%",-0.0280539923181835,0.00113312699039114,FALSE,0.0291871193085746,3935040,52967,222485,275452,FALSE
"Uruguay","URY","Latin America & Caribbean","High income","Never Gavi","94.9%",0.921454111554971,0.977343891815614,"92.0%","-2.9%",-0.0573438918156138,-0.00145411155497122,TRUE,0.0558897802606426,46889,1378,2372,3751,FALSE
"Uzbekistan","UZB","Eastern Europe & Central Asia","Lower middle income","Accelerated transition phase","96.8%",0.95094696552461,0.985518756544497,"95.0%","-1.8%",-0.0355187565444967,-0.000946965524609822,TRUE,0.0345717910198868,664069,12107,21095,33203,FALSE
"Vanuatu","VUT","East Asia & Pacific","Lower middle income","Never Gavi","91.0%",0.862887219209768,0.957112780790208,"78.0%","-13.0%",-0.177112780790208,-0.0828872192097678,TRUE,0.0942255615804399,8654,1125,778,1903,FALSE
"Venezuela (Bolivarian Republic of)","VEN","Latin America & Caribbean","","Never Gavi","71.4%",0.523443493777231,0.904418054226368,"54.0%","-17.4%",-0.364418054226368,0.0165565062227693,FALSE,0.380974560449137,495337,86154,141700,227855,TRUE
"Viet Nam","VNM","East Asia & Pacific","Lower middle income","Fully self-financing","91.1%",0.716255789142756,1.10574421085724,"94.0%","2.9%",-0.165744210857244,0.223744210857244,FALSE,0.389488421714488,1541383,-44700,137183,92482,FALSE
"Yemen","YEM","Middle East & North Africa","Low income","Initial self-financing","76.4%",0.695583185778783,0.833194816845367,"72.0%","-4.4%",-0.113194816845367,0.0244168142212174,FALSE,0.137611631066585,837019,37154,197210,234365,FALSE
"Zambia","ZMB","Eastern & Southern Africa","Lower middle income","Preparatory transition phase","86.3%",0.789388457343064,0.937357266376887,"84.0%","-2.3%",-0.0973572663768866,0.0506115426569359,FALSE,0.147968809033822,625937,14629,85519,100149,FALSE
"Zimbabwe","ZWE","Eastern & Southern Africa","Lower middle income","Initial self-financing","90.0%",0.810973829125053,0.989026170874947,"86.0%","-4.0%",-0.129026170874947,0.0490261708749467,FALSE,0.178052341749893,416366,16654,41636,58291,FALSE
